hour,base_mw,added_mw,total_mw,base_normalized,total_normalized,region,case,strategy
0,77577.14679237288,158.3939437635184,77735.54073613639,0.9595129329355288,0.9555440221645255,brasil,central,uncontrolled
1,73402.2560982906,126.71515501081471,73528.97125330141,0.9078757977714139,0.9038358551526489,brasil,central,uncontrolled
2,70508.5682034188,95.03636625811104,70603.60456967691,0.8720852193109871,0.8678765420674668,brasil,central,uncontrolled
3,68787.49565897437,79.1969718817592,68866.69263085612,0.8507981337040045,0.846526001446671,brasil,central,uncontrolled
4,68112.97006324786,79.1969718817592,68192.16703512962,0.8424552639355684,0.8382345700796309,brasil,central,uncontrolled
5,68891.48129102564,95.03636625811104,68986.51765728375,0.8520842799844254,0.8479989195819841,brasil,central,uncontrolled
6,71413.85906282051,158.3939437635184,71572.25300658403,0.8832823092218739,0.8797834023620056,brasil,central,uncontrolled
7,73841.37207735043,237.5909156452776,74078.96299299572,0.9133070037178536,0.9105964863147661,brasil,central,uncontrolled
8,77194.36434444445,285.10909877433306,77479.47344321878,0.9547784882636842,0.9523963812180269,brasil,central,uncontrolled
9,79556.69327179488,285.10909877433306,79841.80237056922,0.9839969533834056,0.9814346983576503,brasil,central,uncontrolled
10,81512.39625641025,285.10909877433306,81797.50535518459,1.0081860655679693,1.005474671301581,brasil,central,uncontrolled
11,83641.06740213676,285.10909877433306,83926.1765009111,1.0345145344372584,1.0316408106143231,brasil,central,uncontrolled
12,83462.38712521367,316.7878875270368,83779.17501274071,1.0323045274486402,1.0298338328543395,brasil,central,uncontrolled
13,82814.20236880342,316.7878875270368,83130.99025633046,1.024287454348854,1.0218661894394907,brasil,central,uncontrolled
14,84293.73593974358,316.7878875270368,84610.52382727062,1.0425870651843603,1.0400529730640162,brasil,central,uncontrolled
15,84849.21848418804,395.98485940879596,85245.20334359683,1.0494575509840107,1.047854606809311,brasil,central,uncontrolled
16,86032.0010517094,712.7727469358327,86744.77379864524,1.064086797061143,1.0662876886476411,brasil,central,uncontrolled
17,87553.09393290598,1187.954578226388,88741.04851113237,1.0829004342217168,1.090826379059407,brasil,central,uncontrolled
18,91516.14124017094,1583.9394376351838,93100.08067780612,1.1319173844755501,1.1444086541660587,brasil,central,uncontrolled
19,93814.24817692308,1504.7424657534248,95318.99064267651,1.1603415199104887,1.1716840308158485,brasil,central,uncontrolled
20,91738.2416559829,1267.1515501081471,93005.39320609104,1.1346644334480045,1.1432447329182691,brasil,central,uncontrolled
21,89952.59316025641,1029.5606344628695,90982.15379471928,1.112578640193555,1.1183745859219771,brasil,central,uncontrolled
22,87234.48055128206,760.2909300648884,87994.77148134695,1.0789596646405324,1.0816529617532784,brasil,central,uncontrolled
23,82713.14658119659,475.1818312905552,83188.32841248714,1.0230375458491736,1.0225710038890798,brasil,central,uncontrolled
0,77577.14679237288,272.2257411383176,77849.3725335112,0.9595129329355288,0.956943270082321,brasil,central,smart
1,73402.2560982906,269.81543450539056,73672.07153279599,0.9078757977714139,0.9055948783143358,brasil,central,smart
2,70508.5682034188,258.42312954765646,70766.99133296646,0.8720852193109871,0.8698849315825289,brasil,central,smart
3,68787.49565897437,254.64948363875845,69042.14514261312,0.8507981337040045,0.8486827060530265,brasil,central,smart
4,68112.97006324786,259.37831171702084,68372.34837496489,0.8424552639355684,0.8404494025816599,brasil,central,smart
5,68891.48129102564,269.7598765069461,69161.24116753259,0.8520842799844254,0.8501466631259134,brasil,central,smart
6,71413.85906282051,315.43407638099524,71729.2931392015,0.8832823092218739,0.8817137775615802,brasil,central,smart
7,73841.37207735043,377.61272934915894,74218.98480669959,0.9133070037178536,0.9123176682322052,brasil,central,smart
8,77194.36434444445,401.6244301752657,77595.9887746197,0.9547784882636842,0.9538286157835341,brasil,central,smart
9,79556.69327179488,385.0630907205124,79941.7563625154,0.9839969533834056,0.9826633569427866,brasil,central,smart
10,81512.39625641025,371.35244245900344,81883.74869886925,1.0081860655679693,1.0065347952902866,brasil,central,smart
11,83641.06740213676,356.42918387982854,83997.49658601658,1.0345145344372584,1.0325174943080038,brasil,central,smart
12,83462.38712521367,389.3606283003065,83851.74775351398,1.0323045274486402,1.0307259144937195,brasil,central,smart
13,82814.20236880342,393.90479133197493,83208.1071601354,1.024287454348854,1.022814129027237,brasil,central,smart
14,84293.73593974358,383.5323756114742,84677.26831535506,1.0425870651843603,1.040873412415149,brasil,central,smart
15,84849.21848418804,458.8350824426619,85308.0535666307,1.0494575509840107,1.0486271769148638,brasil,central,smart
16,86032.0010517094,767.3309563660484,86799.33200807545,1.064086797061143,1.0669583313213442,brasil,central,smart
17,87553.09393290598,736.5318385003605,88289.62577140634,1.0829004342217168,1.0852773818268735,brasil,central,smart
18,91516.14124017094,982.0424513338141,92498.18369150475,1.1319173844755501,1.1370099911893472,brasil,central,smart
19,93814.24817692308,932.9403287671233,94747.18850569021,1.1603415199104887,1.1646553009879725,brasil,central,smart
20,91738.2416559829,785.6339610670511,92523.87561704995,1.1346644334480045,1.1373258025369,brasil,central,smart
21,89952.59316025641,1056.6331470362554,91009.22630729266,1.112578640193555,1.1187073677783776,brasil,central,smart
22,87234.48055128206,806.4190386106601,88040.89958989272,1.0789596646405324,1.08221997959296,brasil,central,smart
23,82713.14658119659,553.007196640813,83266.1537778374,1.0230375458491736,1.0235276520570735,brasil,central,smart
0,77577.14679237288,2006.323287671233,79583.4700800441,0.9595129329355288,0.9782592155140791,brasil,central,offpeak_shifted
1,73402.2560982906,2006.323287671233,75408.57938596183,0.9078757977714139,0.9269404518167662,brasil,central,offpeak_shifted
2,70508.5682034188,2006.323287671233,72514.89149109003,0.8720852193109871,0.891370542046148,brasil,central,offpeak_shifted
3,68787.49565897437,2006.323287671233,70793.8189466456,0.8507981337040045,0.870214703082634,brasil,central,offpeak_shifted
4,68112.97006324786,2006.323287671233,70119.29335091909,0.8424552639355684,0.8619232717155939,brasil,central,offpeak_shifted
5,68891.48129102564,2006.323287671233,70897.80457869687,0.8520842799844254,0.8714929195606653,brasil,central,offpeak_shifted
6,71413.85906282051,0.0,71413.85906282051,0.8832823092218739,0.8778363857891869,brasil,central,offpeak_shifted
7,73841.37207735043,0.0,73841.37207735043,0.9133070037178536,0.9076759614555379,brasil,central,offpeak_shifted
8,77194.36434444445,0.0,77194.36434444445,0.9547784882636842,0.948891751386953,brasil,central,offpeak_shifted
9,79556.69327179488,0.0,79556.69327179488,0.9839969533834056,0.9779300685265765,brasil,central,offpeak_shifted
10,81512.39625641025,0.0,81512.39625641025,1.0081860655679693,1.001970041470507,brasil,central,offpeak_shifted
11,83641.06740213676,0.0,83641.06740213676,1.0345145344372584,1.0281361807832492,brasil,central,offpeak_shifted
12,83462.38712521367,0.0,83462.38712521367,1.0323045274486402,1.0259397997087019,brasil,central,offpeak_shifted
13,82814.20236880342,0.0,82814.20236880342,1.024287454348854,1.017972156293853,brasil,central,offpeak_shifted
14,84293.73593974358,0.0,84293.73593974358,1.0425870651843603,1.0361589399183786,brasil,central,offpeak_shifted
15,84849.21848418804,0.0,84849.21848418804,1.0494575509840107,1.042987065377264,brasil,central,offpeak_shifted
16,86032.0010517094,0.0,86032.0010517094,1.064086797061143,1.0575261140699563,brasil,central,offpeak_shifted
17,87553.09393290598,0.0,87553.09393290598,1.0829004342217168,1.0762237547632658,brasil,central,offpeak_shifted
18,91516.14124017094,0.0,91516.14124017094,1.1319173844755501,1.1249384884378701,brasil,central,offpeak_shifted
19,93814.24817692308,0.0,93814.24817692308,1.1603415199104887,1.1531873733740694,brasil,central,offpeak_shifted
20,91738.2416559829,0.0,91738.2416559829,1.1346644334480045,1.1276686003357184,brasil,central,offpeak_shifted
21,89952.59316025641,0.0,89952.59316025641,1.112578640193555,1.1057189781986545,brasil,central,offpeak_shifted
22,87234.48055128206,0.0,87234.48055128206,1.0789596646405324,1.0723072822037478,brasil,central,offpeak_shifted
23,82713.14658119659,0.0,82713.14658119659,1.0230375458491736,1.0167299541706234,brasil,central,offpeak_shifted
0,5226.36555982906,9.903244412400865,5236.26880424146,0.967327633676251,0.9635677015398131,rj,central,uncontrolled
1,4984.734128632478,7.9225955299206925,4992.656724162399,0.9226050137436261,0.9187386943125727,rj,central,uncontrolled
2,4829.621132051282,5.94194664744052,4835.563078698722,0.8938957537009306,0.8898306362000226,rj,central,uncontrolled
3,4727.984043589743,4.951622206200432,4732.935665795943,0.8750841410898793,0.8709453451535418,rj,central,uncontrolled
4,4676.769347863248,4.951622206200432,4681.720970069448,0.8656050126478612,0.8615209193856618,rj,central,uncontrolled
5,4705.838698717948,5.94194664744052,4711.780645365388,0.8709853455107047,0.8670524406495206,rj,central,uncontrolled
6,4855.902277777777,9.903244412400865,4865.805522190178,0.8987600285425746,0.8953957901012901,rj,central,uncontrolled
7,4968.304246581196,14.854866618601298,4983.1591131997975,0.9195640709040352,0.9169909629589149,rj,central,uncontrolled
8,5179.62067948718,17.825839942321554,5197.446519429501,0.9586758059443483,0.9564237024169104,rj,central,uncontrolled
9,5341.160189316239,17.825839942321554,5358.98602925856,0.9885745242791745,0.986149879588673,rj,central,uncontrolled
10,5456.278694871795,17.825839942321554,5474.104534814116,1.0098813598414087,1.0073337564960263,rj,central,uncontrolled
11,5570.49313931624,17.825839942321554,5588.318979258561,1.0310208662558253,1.0283512698877826,rj,central,uncontrolled
12,5645.017706410256,19.80648882480173,5664.824195235058,1.0448143279478086,1.0424296065565508,rj,central,uncontrolled
13,5617.838695299145,19.80648882480173,5637.645184123947,1.0397838707012184,1.0374281793484508,rj,central,uncontrolled
14,5637.62260940171,19.80648882480173,5657.429098226512,1.0434455982621038,1.0410687756111616,rj,central,uncontrolled
15,5641.829224358975,24.758111031002162,5666.587335389977,1.0442241842308455,1.0427540560777808,rj,central,uncontrolled
16,5679.911673076924,44.56459985580389,5724.476272932728,1.0512727162520414,1.0534066624618281,rj,central,uncontrolled
17,5728.840483760684,74.27433309300649,5803.11481685369,1.0603287591398762,1.067877569867686,rj,central,uncontrolled
18,6010.972417094017,99.03244412400865,6110.004861218026,1.1125474591775302,1.1243508613904711,rj,central,uncontrolled
19,6077.103373504274,94.08082191780822,6171.184195422082,1.1247873801789945,1.1356089599802508,rj,central,uncontrolled
20,5987.930951282052,79.22595529920692,6067.156906581259,1.1082828040658335,1.1164660665664186,rj,central,uncontrolled
21,5890.518118803419,64.37108868060562,5954.889207484025,1.0902530425322108,1.095806789355772,rj,central,uncontrolled
22,5727.768264957265,47.53557317952416,5775.30383813679,1.0601303063401206,1.062759849246065,rj,central,uncontrolled
23,5500.953227777777,29.709733237202595,5530.662961014979,1.018149995034801,1.017741524846828,rj,central,uncontrolled
0,5226.36555982906,17.050627725054397,5243.416187554114,0.967327633676251,0.9648829487068453,rj,central,smart
1,4984.734128632478,17.10001962762668,5001.8341482601045,0.9226050137436261,0.9204275055204159,rj,central,smart
2,4829.621132051282,16.422536098230687,4846.043668149513,0.8938957537009306,0.8917592532870027,rj,central,smart
3,4727.984043589743,16.286104852214233,4744.270148441958,0.8750841410898793,0.8730310939566812,rj,central,smart
4,4676.769347863248,16.71637967450857,4693.485727537757,0.8656050126478612,0.8636858465001234,rj,central,smart
5,4705.838698717948,17.462481054461442,4723.301179772409,0.8709853455107047,0.8691724263252161,rj,central,smart
6,4855.902277777777,20.163035610916943,4876.065313388694,0.8987600285425746,0.8972837763359588,rj,central,smart
7,4968.304246581196,24.170324623951398,4992.474571205147,0.9195640709040352,0.9187051748900775,rj,central,smart
8,5179.62067948718,25.365945398433368,5204.986624885613,0.9586758059443483,0.9578112175264917,rj,central,smart
9,5341.160189316239,24.008788377401697,5365.16897769364,0.9885745242791745,0.9872876533804812,rj,central,smart
10,5456.278694871795,23.041632489466156,5479.320327361261,1.0098813598414087,1.0082935561977318,rj,central,smart
11,5570.49313931624,22.08207197485869,5592.575211291099,1.0310208662558253,1.029134493184778,rj,central,smart
12,5645.017706410256,23.43661062846657,5668.454317038723,1.0448143279478086,1.0430976143027983,rj,central,smart
13,5617.838695299145,23.66495220133116,5641.503647500476,1.0397838707012184,1.0381382060537618,rj,central,smart
14,5637.62260940171,23.498739749924095,5661.121349151635,1.0434455982621038,1.0417482162339475,rj,central,smart
15,5641.829224358975,28.41502052770203,5670.244244886677,1.0442241842308455,1.0434269932416675,rj,central,smart
16,5679.911673076924,47.90156370756319,5727.813236784487,1.0512727162520414,1.0540207238687134,rj,central,smart
17,5728.840483760684,46.05008651766403,5774.890570278348,1.0603287591398762,1.0626838005221804,rj,central,smart
18,6010.972417094017,61.40011535688537,6072.372532450902,1.1125474591775302,1.117425835596464,rj,central,smart
19,6077.103373504274,58.3301095890411,6135.433483093315,1.1247873801789945,1.129030185475944,rj,central,smart
20,5987.930951282052,49.120092285508285,6037.051043567561,1.1082828040658335,1.1109260459312127,rj,central,smart
21,5890.518118803419,65.93866486494721,5956.456783668366,1.0902530425322108,1.0960952515866853,rj,central,smart
22,5727.768264957265,50.47047496150386,5778.238739918769,1.0601303063401206,1.0632999239958594,rj,central,smart
23,5500.953227777777,34.55019744480461,5535.503425222581,1.018149995034801,1.0186322573789561,rj,central,smart
0,5226.36555982906,125.44109589041096,5351.806655719471,0.967327633676251,0.9848287456442218,rj,central,offpeak_shifted
1,4984.734128632478,125.44109589041096,5110.175224522889,0.9226050137436261,0.9403642134587712,rj,central,offpeak_shifted
2,4829.621132051282,125.44109589041096,4955.062227941693,0.8938957537009306,0.911820630388011,rj,central,offpeak_shifted
3,4727.984043589743,125.44109589041096,4853.425139480154,0.8750841410898793,0.8931175768624251,rj,central,offpeak_shifted
4,4676.769347863248,125.44109589041096,4802.210443753659,0.8656050126478612,0.883693151094545,rj,central,offpeak_shifted
5,4705.838698717948,125.44109589041096,4831.279794608359,0.8709853455107047,0.8890424348375089,rj,central,offpeak_shifted
6,4855.902277777777,0.0,4855.902277777777,0.8987600285425746,0.8935734148923413,rj,central,offpeak_shifted
7,4968.304246581196,0.0,4968.304246581196,0.9195640709040352,0.9142574001454913,rj,central,offpeak_shifted
8,5179.62067948718,0.0,5179.62067948718,0.9586758059443483,0.9531434270408022,rj,central,offpeak_shifted
9,5341.160189316239,0.0,5341.160189316239,0.9885745242791745,0.9828696042125648,rj,central,offpeak_shifted
10,5456.278694871795,0.0,5456.278694871795,1.0098813598414087,1.004053481119918,rj,central,offpeak_shifted
11,5570.49313931624,0.0,5570.49313931624,1.0310208662558253,1.0250709945116743,rj,central,offpeak_shifted
12,5645.017706410256,0.0,5645.017706410256,1.0448143279478086,1.0387848561386528,rj,central,offpeak_shifted
13,5617.838695299145,0.0,5617.838695299145,1.0397838707012184,1.0337834289305528,rj,central,offpeak_shifted
14,5637.62260940171,0.0,5637.62260940171,1.0434455982621038,1.0374240251932634,rj,central,offpeak_shifted
15,5641.829224358975,0.0,5641.829224358975,1.0442241842308455,1.038198118055408,rj,central,offpeak_shifted
16,5679.911673076924,0.0,5679.911673076924,1.0512727162520414,1.045205974021557,rj,central,offpeak_shifted
17,5728.840483760684,0.0,5728.840483760684,1.0603287591398762,1.0542097558005668,rj,central,offpeak_shifted
18,6010.972417094017,0.0,6010.972417094017,1.1125474591775302,1.1061271093009788,rj,central,offpeak_shifted
19,6077.103373504274,0.0,6077.103373504274,1.1247873801789945,1.1182963954952332,rj,central,offpeak_shifted
20,5987.930951282052,0.0,5987.930951282052,1.1082828040658335,1.1018870648948247,rj,central,offpeak_shifted
21,5890.518118803419,0.0,5890.518118803419,1.0902530425322108,1.083961350497602,rj,central,offpeak_shifted
22,5727.768264957265,0.0,5727.768264957265,1.0601303063401206,1.0540124482431088,rj,central,offpeak_shifted
23,5500.953227777777,0.0,5500.953227777777,1.018149995034801,1.0122743992199807,rj,central,offpeak_shifted
0,77577.14679237288,204.69387166546502,77781.84066403835,0.9595129329355288,0.9543931022012891,brasil,upper_bound,uncontrolled
1,73402.2560982906,163.75509733237203,73566.01119562297,0.9078757977714139,0.9026643371018432,brasil,upper_bound,uncontrolled
2,70508.5682034188,122.81632299927902,70631.38452641809,0.8720852193109871,0.8666560937032013,brasil,upper_bound,uncontrolled
3,68787.49565897437,102.34693583273251,68889.8425948071,0.8507981337040045,0.8452871521541965,brasil,upper_bound,uncontrolled
4,68112.97006324786,102.34693583273251,68215.31699908059,0.8424552639355684,0.8370106370920217,brasil,upper_bound,uncontrolled
5,68891.48129102564,122.81632299927902,69014.29761402492,0.8520842799844254,0.8468142311081244,brasil,upper_bound,uncontrolled
6,71413.85906282051,204.69387166546502,71618.55293448598,0.8832823092218739,0.8787687759350402,brasil,upper_bound,uncontrolled
7,73841.37207735043,307.0408074981975,74148.41288484863,0.9133070037178536,0.909810480085373,brasil,upper_bound,uncontrolled
8,77194.36434444445,368.448968997837,77562.81331344228,0.9547784882636842,0.9517056086832943,brasil,upper_bound,uncontrolled
9,79556.69327179488,368.448968997837,79925.14224079272,0.9839969533834056,0.9806916858209136,brasil,upper_bound,uncontrolled
10,81512.39625641025,368.448968997837,81880.84522540809,1.0081860655679693,1.004688410796006,brasil,upper_bound,uncontrolled
11,83641.06740213676,368.448968997837,84009.5163711346,1.0345145344372584,1.0308074771615257,brasil,upper_bound,uncontrolled
12,83462.38712521367,409.38774333093005,83871.7748685446,1.0323045274486402,1.0291173713625827,brasil,upper_bound,uncontrolled
13,82814.20236880342,409.38774333093005,83223.59011213435,1.024287454348854,1.0211640617572988,brasil,upper_bound,uncontrolled
14,84293.73593974358,409.38774333093005,84703.1236830745,1.0425870651843603,1.0393181273145746,brasil,upper_bound,uncontrolled
15,84849.21848418804,511.7346791636626,85360.9531633517,1.0494575509840107,1.0473897789114168,brasil,upper_bound,uncontrolled
16,86032.0010517094,921.1224224945926,86953.123474204,1.064086797061143,1.0669259116286984,brasil,upper_bound,uncontrolled
17,87553.09393290598,1535.2040374909877,89088.29797039696,1.0829004342217168,1.0931247749336246,brasil,upper_bound,uncontrolled
18,91516.14124017094,2046.9387166546503,93563.07995682559,1.1319173844755501,1.1480309204457684,brasil,upper_bound,uncontrolled
19,93814.24817692308,1944.5917808219178,95758.839957745,1.1603415199104887,1.1749731756183934,brasil,upper_bound,uncontrolled
20,91738.2416559829,1637.5509733237202,93375.79262930663,1.1346644334480045,1.1457328810578105,brasil,upper_bound,uncontrolled
21,89952.59316025641,1330.5101658255228,91283.10332608194,1.112578640193555,1.120055316487505,brasil,upper_bound,uncontrolled
22,87234.48055128206,982.5305839942322,88217.01113527629,1.0789596646405324,1.0824339743768512,brasil,upper_bound,uncontrolled
23,82713.14658119659,614.081614996395,83327.22819619298,1.0230375458491736,1.0224357142626457,brasil,upper_bound,uncontrolled
0,77577.14679237288,351.79969383044744,77928.94648620332,0.9595129329355288,0.9561981093953758,brasil,upper_bound,smart
1,73402.2560982906,348.6848335973353,73750.94093188793,0.9078757977714139,0.9049334485445194,brasil,upper_bound,smart
2,70508.5682034188,333.9624587793067,70842.53066219811,0.8720852193109871,0.8692468837105413,brasil,upper_bound,smart
3,68787.49565897437,329.08574333783673,69116.58140231221,0.8507981337040045,0.8480692662316828,brasil,upper_bound,smart
4,68112.97006324786,335.19684900754,68448.1669122554,0.8424552639355684,0.8398677352152466,brasil,upper_bound,smart
5,68891.48129102564,348.6130355125515,69240.0943265382,0.8520842799844254,0.8495847855599428,brasil,upper_bound,smart
6,71413.85906282051,407.63820140778154,71821.4972642283,0.8832823092218739,0.88125892873656,brasil,upper_bound,smart
7,73841.37207735043,487.9922156370063,74329.36429298743,0.9133070037178536,0.9120307769347008,brasil,upper_bound,smart
8,77194.36434444445,519.0227455334447,77713.38708997788,0.9547784882636842,0.9535531681196758,brasil,upper_bound,smart
9,79556.69327179488,497.62038246064475,80054.31365425553,0.9839969533834056,0.9822766355335717,brasil,upper_bound,smart
10,81512.39625641025,479.9019924199137,81992.29824883016,1.0081860655679693,1.0060559536037539,brasil,upper_bound,smart
11,83641.06740213676,460.6165355150914,84101.68393765185,1.0345145344372584,1.0319383849541384,brasil,upper_bound,smart
12,83462.38712521367,503.1741276666436,83965.56125288032,1.0323045274486402,1.030268142256229,brasil,upper_bound,smart
13,82814.20236880342,509.0465890899163,83323.24895789335,1.024287454348854,1.0223868885013527,brasil,upper_bound,smart
14,84293.73593974358,495.6422260069255,84789.3781657505,1.0425870651843603,1.0403764808145317,brasil,upper_bound,smart
15,84849.21848418804,592.9565692319312,85442.17505341997,1.0494575509840107,1.0483863818584171,brasil,upper_bound,smart
16,86032.0010517094,991.6284712364532,87023.62952294586,1.064086797061143,1.0677910298363447,brasil,upper_bound,smart
17,87553.09393290598,951.8265032444125,88504.9204361504,1.0829004342217168,1.0859666582072671,brasil,upper_bound,smart
18,91516.14124017094,1269.1020043258832,92785.24324449681,1.1319173844755501,1.1384867648106247,brasil,upper_bound,smart
19,93814.24817692308,1205.646904109589,95019.89508103266,1.1603415199104887,1.1659062277650067,brasil,upper_bound,smart
20,91738.2416559829,1015.2816034607064,92753.52325944361,1.1346644334480045,1.1380975565496956,brasil,upper_bound,smart
21,89952.59316025641,1365.4962093742074,91318.08936963062,1.112578640193555,1.1204845997025985,brasil,upper_bound,smart
22,87234.48055128206,1042.1423400152573,88276.62289129732,1.0789596646405324,1.0831654182237807,brasil,upper_bound,smart
23,82713.14658119659,714.6560117745169,83427.8025929711,1.0230375458491736,1.0236697749344377,brasil,upper_bound,smart
0,77577.14679237288,2592.7890410958903,80169.93583346877,0.9595129329355288,0.9836953344144487,brasil,upper_bound,offpeak_shifted
1,73402.2560982906,2592.7890410958903,75995.0451393865,0.9078757977714139,0.9324688932958,brasil,upper_bound,offpeak_shifted
2,70508.5682034188,2592.7890410958903,73101.3572445147,0.8720852193109871,0.8969629738779549,brasil,upper_bound,offpeak_shifted
3,68787.49565897437,2592.7890410958903,71380.28470007026,0.8507981337040045,0.8758451943193486,brasil,upper_bound,offpeak_shifted
4,68112.97006324786,2592.7890410958903,70705.75910434376,0.8424552639355684,0.8675686792571738,brasil,upper_bound,offpeak_shifted
5,68891.48129102564,2592.7890410958903,71484.27033212154,0.8520842799844254,0.877121111282878,brasil,upper_bound,offpeak_shifted
6,71413.85906282051,0.0,71413.85906282051,0.8832823092218739,0.8762571560310553,brasil,upper_bound,offpeak_shifted
7,73841.37207735043,0.0,73841.37207735043,0.9133070037178536,0.9060430502293956,brasil,upper_bound,offpeak_shifted
8,77194.36434444445,0.0,77194.36434444445,0.9547784882636842,0.9471846928561213,brasil,upper_bound,offpeak_shifted
9,79556.69327179488,0.0,79556.69327179488,0.9839969533834056,0.9761707699937405,brasil,upper_bound,offpeak_shifted
10,81512.39625641025,0.0,81512.39625641025,1.0081860655679693,1.000167494968833,brasil,upper_bound,offpeak_shifted
11,83641.06740213676,0.0,83641.06740213676,1.0345145344372584,1.0262865613343526,brasil,upper_bound,offpeak_shifted
12,83462.38712521367,0.0,83462.38712521367,1.0323045274486402,1.0240941315546128,brasil,upper_bound,offpeak_shifted
13,82814.20236880342,0.0,82814.20236880342,1.024287454348854,1.0161408219493289,brasil,upper_bound,offpeak_shifted
14,84293.73593974358,0.0,84293.73593974358,1.0425870651843603,1.0342948875066045,brasil,upper_bound,offpeak_shifted
15,84849.21848418804,0.0,84849.21848418804,1.0494575509840107,1.0411107291514543,brasil,upper_bound,offpeak_shifted
16,86032.0010517094,0.0,86032.0010517094,1.064086797061143,1.0556236220607658,brasil,upper_bound,offpeak_shifted
17,87553.09393290598,0.0,87553.09393290598,1.0829004342217168,1.0742876256537366,brasil,upper_bound,offpeak_shifted
18,91516.14124017094,0.0,91516.14124017094,1.1319173844755501,1.1229147214059174,brasil,upper_bound,offpeak_shifted
19,93814.24817692308,0.0,93814.24817692308,1.1603415199104887,1.151112786530535,brasil,upper_bound,offpeak_shifted
20,91738.2416559829,0.0,91738.2416559829,1.1346644334480045,1.1256399218259299,brasil,upper_bound,offpeak_shifted
21,89952.59316025641,0.0,89952.59316025641,1.112578640193555,1.1037297871116019,brasil,upper_bound,offpeak_shifted
22,87234.48055128206,0.0,87234.48055128206,1.0789596646405324,1.070378198837723,brasil,upper_bound,offpeak_shifted
23,82713.14658119659,0.0,82713.14658119659,1.0230375458491736,1.0149008545506906,brasil,upper_bound,offpeak_shifted
0,5226.36555982906,20.36315789473684,5246.728717723797,0.967327633676251,0.9596432587959475,rj,upper_bound,uncontrolled
1,4984.734128632478,16.29052631578947,5001.024654948267,0.9226050137436261,0.9147032094458057,rj,upper_bound,uncontrolled
2,4829.621132051282,12.217894736842105,4841.839026788124,0.8938957537009306,0.88558765513002,rj,upper_bound,uncontrolled
3,4727.984043589743,10.18157894736842,4738.165622537112,0.8750841410898793,0.8666254619505196,rj,upper_bound,uncontrolled
4,4676.769347863248,10.18157894736842,4686.950926810617,0.8656050126478612,0.857258132296293,rj,upper_bound,uncontrolled
5,4705.838698717948,12.217894736842105,4718.05659345479,0.8709853455107047,0.8629474569996265,rj,upper_bound,uncontrolled
6,4855.902277777777,20.36315789473684,4876.265435672514,0.8987600285425746,0.8918843540805216,rj,upper_bound,uncontrolled
7,4968.304246581196,30.54473684210526,4998.848983423301,0.9195640709040352,0.9143052722501518,rj,upper_bound,uncontrolled
8,5179.62067948718,36.65368421052631,5216.274363697706,0.9586758059443483,0.9540730612281947,rj,upper_bound,uncontrolled
9,5341.160189316239,36.65368421052631,5377.813873526765,0.9885745242791745,0.9836191479379934,rj,upper_bound,uncontrolled
10,5456.278694871795,36.65368421052631,5492.932379082321,1.0098813598414087,1.0046746863053324,rj,upper_bound,uncontrolled
11,5570.49313931624,36.65368421052631,5607.146823526766,1.0310208662558253,1.0255648690391914,rj,upper_bound,uncontrolled
12,5645.017706410256,40.72631578947368,5685.74402219973,1.0448143279478086,1.0399405449936132,rj,upper_bound,uncontrolled
13,5617.838695299145,40.72631578947368,5658.565011088619,1.0397838707012184,1.0349694179930098,rj,upper_bound,uncontrolled
14,5637.62260940171,40.72631578947368,5678.348925191184,1.0434455982621038,1.038587958386949,rj,upper_bound,uncontrolled
15,5641.829224358975,50.9078947368421,5692.737119095817,1.0442241842308455,1.041219604509644,rj,upper_bound,uncontrolled
16,5679.911673076924,91.63421052631578,5771.545883603239,1.0512727162520414,1.0556339765236016,rj,upper_bound,uncontrolled
17,5728.840483760684,152.7236842105263,5881.564167971211,1.0603287591398762,1.0757566683222777,rj,upper_bound,uncontrolled
18,6010.972417094017,203.6315789473684,6214.6039960413855,1.1125474591775302,1.1366707050702567,rj,upper_bound,uncontrolled
19,6077.103373504274,193.45,6270.553373504274,1.1247873801789945,1.1469040229726513,rj,upper_bound,uncontrolled
20,5987.930951282052,162.90526315789472,6150.836214439946,1.1082828040658335,1.125007376349739,rj,upper_bound,uncontrolled
21,5890.518118803419,132.36052631578946,6022.878645119209,1.0902530425322108,1.1016035326564764,rj,upper_bound,uncontrolled
22,5727.768264957265,97.74315789473684,5825.511422852002,1.0601303063401206,1.065504444148966,rj,upper_bound,uncontrolled
23,5500.953227777777,61.08947368421052,5562.042701461987,1.018149995034801,1.0173151826132174,rj,upper_bound,uncontrolled
0,5226.36555982906,35.05968449439558,5261.425244323455,0.967327633676251,0.9623312999426978,rj,upper_bound,smart
1,4984.734128632478,35.16124465679462,5019.895373289272,0.9226050137436261,0.9181547234498383,rj,upper_bound,smart
2,4829.621132051282,33.76819572195271,4863.389327773235,0.8938957537009306,0.8895292732654356,rj,upper_bound,smart
3,4727.984043589743,33.48766432348193,4761.471707913225,0.8750841410898793,0.8708882185982111,rj,upper_bound,smart
4,4676.769347863248,34.37240005044611,4711.141747913694,0.8656050126478612,0.8616827099036481,rj,upper_bound,smart
5,4705.838698717948,35.906541749144026,4741.745240467092,0.8709853455107047,0.8672801853792281,rj,upper_bound,smart
6,4855.902277777777,41.45945113382947,4897.361728911606,0.8987600285425746,0.8957429327648149,rj,upper_bound,smart
7,4968.304246581196,49.69928199169295,5018.003528572889,0.9195640709040352,0.9178086990741862,rj,upper_bound,smart
8,5179.62067948718,52.15773031419593,5231.778409801375,0.9586758059443483,0.9569088002434765,rj,upper_bound,smart
9,5341.160189316239,49.36712942055215,5390.527318736791,0.9885745242791745,0.9859444772333047,rj,upper_bound,smart
10,5456.278694871795,47.37845306008643,5503.657147931881,1.0098813598414087,1.0066362804113627,rj,upper_bound,smart
11,5570.49313931624,45.40539438811837,5615.898533704358,1.0310208662558253,1.0271655844805088,rj,upper_bound,smart
12,5645.017706410256,48.19061136644544,5693.208317776702,1.0448143279478086,1.041305788237066,rj,upper_bound,smart
13,5617.838695299145,48.66012976956107,5666.498825068706,1.0397838707012184,1.0364205376357718,rj,upper_bound,smart
14,5637.62260940171,48.31836193559393,5685.940971337304,1.0434455982621038,1.0399765676131096,rj,upper_bound,smart
15,5641.829224358975,58.427271456941554,5700.256495815916,1.0442241842308455,1.0425949222681963,rj,upper_bound,smart
16,5679.911673076924,98.49571156301798,5778.4073846399415,1.0512727162520414,1.0568889667411918,rj,upper_bound,smart
17,5728.840483760684,94.68868421052632,5823.52916797121,1.0603287591398762,1.0651418834686053,rj,upper_bound,smart
18,6010.972417094017,126.25157894736842,6137.223996041385,1.1125474591775302,1.1225176585986936,rj,upper_bound,smart
19,6077.103373504274,119.939,6197.042373504274,1.1247873801789945,1.1334586288246664,rj,upper_bound,smart
20,5987.930951282052,101.00126315789471,6088.932214439947,1.1082828040658335,1.1136849391724886,rj,upper_bound,smart
21,5890.518118803419,135.58379336086062,6026.10191216428,1.0902530425322108,1.102193078382493,rj,upper_bound,smart
22,5727.768264957265,103.77793457026358,5831.546199527529,1.0601303063401206,1.0666082238689745,rj,upper_bound,smart
23,5500.953227777777,71.04248835683599,5571.995716134613,1.018149995034801,1.019135620442034,rj,upper_bound,smart
0,5226.36555982906,257.9333333333333,5484.298893162393,0.967327633676251,1.003095594454256,rj,upper_bound,offpeak_shifted
1,4984.734128632478,257.9333333333333,5242.6674619658115,0.9226050137436261,0.958900442286828,rj,upper_bound,offpeak_shifted
2,4829.621132051282,257.9333333333333,5087.5544653846155,0.8938957537009306,0.9305297851537562,rj,upper_bound,offpeak_shifted
3,4727.984043589743,257.9333333333333,4985.9173769230765,0.8750841410898793,0.9119400405656126,rj,upper_bound,offpeak_shifted
4,4676.769347863248,257.9333333333333,4934.702681196582,0.8656050126478612,0.902572710911386,rj,upper_bound,offpeak_shifted
5,4705.838698717948,257.9333333333333,4963.772032051282,0.8709853455107047,0.9078895870233626,rj,upper_bound,offpeak_shifted
6,4855.902277777777,0.0,4855.902277777777,0.8987600285425746,0.8881598681669525,rj,upper_bound,offpeak_shifted
7,4968.304246581196,0.0,4968.304246581196,0.9195640709040352,0.908718543379798,rj,upper_bound,offpeak_shifted
8,5179.62067948718,0.0,5179.62067948718,0.9586758059443483,0.9473689865837702,rj,upper_bound,offpeak_shifted
9,5341.160189316239,0.0,5341.160189316239,0.9885745242791745,0.9769150732935689,rj,upper_bound,offpeak_shifted
10,5456.278694871795,0.0,5456.278694871795,1.0098813598414087,0.997970611660908,rj,upper_bound,offpeak_shifted
11,5570.49313931624,0.0,5570.49313931624,1.0310208662558253,1.018860794394767,rj,upper_bound,offpeak_shifted
12,5645.017706410256,0.0,5645.017706410256,1.0448143279478086,1.0324915731664748,rj,upper_bound,offpeak_shifted
13,5617.838695299145,0.0,5617.838695299145,1.0397838707012184,1.0275204461658713,rj,upper_bound,offpeak_shifted
14,5637.62260940171,0.0,5637.62260940171,1.0434455982621038,1.0311389865598106,rj,upper_bound,offpeak_shifted
15,5641.829224358975,0.0,5641.829224358975,1.0442241842308455,1.031908389725721,rj,upper_bound,offpeak_shifted
16,5679.911673076924,0.0,5679.911673076924,1.0512727162520414,1.03887378991254,rj,upper_bound,offpeak_shifted
17,5728.840483760684,0.0,5728.840483760684,1.0603287591398762,1.0478230239705082,rj,upper_bound,offpeak_shifted
18,6010.972417094017,0.0,6010.972417094017,1.1125474591775302,1.0994258459345643,rj,upper_bound,offpeak_shifted
19,6077.103373504274,0.0,6077.103373504274,1.1247873801789945,1.1115214067937433,rj,upper_bound,offpeak_shifted
20,5987.930951282052,0.0,5987.930951282052,1.1082828040658335,1.095211489041185,rj,upper_bound,offpeak_shifted
21,5890.518118803419,0.0,5890.518118803419,1.0902530425322108,1.077394374218276,rj,upper_bound,offpeak_shifted
22,5727.768264957265,0.0,5727.768264957265,1.0601303063401206,1.0476269117638337,rj,upper_bound,offpeak_shifted
23,5500.953227777777,0.0,5500.953227777777,1.018149995034801,1.0061417248725097,rj,upper_bound,offpeak_shifted
