year,scenario,rj_weight_case,region,demand_light_ev_twh,implied_bev_phev_fleet_units,value_type
2026,acelerado,central,rio_de_janeiro,0.07309,36546,derived_proportional_national_share
2027,acelerado,central,rio_de_janeiro,0.09256,46279,derived_proportional_national_share
2028,acelerado,central,rio_de_janeiro,0.11721,58604,derived_proportional_national_share
2029,acelerado,central,rio_de_janeiro,0.14842,74211,derived_proportional_national_share
2030,acelerado,central,rio_de_janeiro,0.18795,93975,derived_proportional_national_share
2031,acelerado,central,rio_de_janeiro,0.21345,106722,derived_proportional_national_share
2032,acelerado,central,rio_de_janeiro,0.24239,121198,derived_proportional_national_share
2033,acelerado,central,rio_de_janeiro,0.27528,137638,derived_proportional_national_share
2034,acelerado,central,rio_de_janeiro,0.31261,156307,derived_proportional_national_share
2035,acelerado,central,rio_de_janeiro,0.35502,177509,derived_proportional_national_share
2026,acelerado,high,rio_de_janeiro,0.11629,58149,derived_proportional_national_share
2027,acelerado,high,rio_de_janeiro,0.14727,73635,derived_proportional_national_share
2028,acelerado,high,rio_de_janeiro,0.18649,93245,derived_proportional_national_share
2029,acelerado,high,rio_de_janeiro,0.23616,118079,derived_proportional_national_share
2030,acelerado,high,rio_de_janeiro,0.29905,149525,derived_proportional_national_share
2031,acelerado,high,rio_de_janeiro,0.33962,169807,derived_proportional_national_share
2032,acelerado,high,rio_de_janeiro,0.38568,192840,derived_proportional_national_share
2033,acelerado,high,rio_de_janeiro,0.438,218997,derived_proportional_national_share
2034,acelerado,high,rio_de_janeiro,0.49741,248703,derived_proportional_national_share
2035,acelerado,high,rio_de_janeiro,0.56487,282437,derived_proportional_national_share
2026,acelerado,low,rio_de_janeiro,0.04594,22969,derived_proportional_national_share
2027,acelerado,low,rio_de_janeiro,0.05817,29086,derived_proportional_national_share
2028,acelerado,low,rio_de_janeiro,0.07366,36832,derived_proportional_national_share
2029,acelerado,low,rio_de_janeiro,0.09328,46641,derived_proportional_national_share
2030,acelerado,low,rio_de_janeiro,0.11812,59063,derived_proportional_national_share
2031,acelerado,low,rio_de_janeiro,0.13415,67074,derived_proportional_national_share
2032,acelerado,low,rio_de_janeiro,0.15234,76172,derived_proportional_national_share
2033,acelerado,low,rio_de_janeiro,0.17301,86504,derived_proportional_national_share
2034,acelerado,low,rio_de_janeiro,0.19647,98237,derived_proportional_national_share
2035,acelerado,low,rio_de_janeiro,0.22312,111563,derived_proportional_national_share
2026,conservador,central,rio_de_janeiro,0.04377,21883,derived_proportional_national_share
2027,conservador,central,rio_de_janeiro,0.05542,27711,derived_proportional_national_share
2028,conservador,central,rio_de_janeiro,0.07018,35091,derived_proportional_national_share
2029,conservador,central,rio_de_janeiro,0.08887,44436,derived_proportional_national_share
2030,conservador,central,rio_de_janeiro,0.11254,56271,derived_proportional_national_share
2031,conservador,central,rio_de_janeiro,0.12781,63903,derived_proportional_national_share
2032,conservador,central,rio_de_janeiro,0.14514,72571,derived_proportional_national_share
2033,conservador,central,rio_de_janeiro,0.16483,82415,derived_proportional_national_share
2034,conservador,central,rio_de_janeiro,0.18719,93594,derived_proportional_national_share
2035,conservador,central,rio_de_janeiro,0.21258,106289,derived_proportional_national_share
2026,conservador,high,rio_de_janeiro,0.06964,34818,derived_proportional_national_share
2027,conservador,high,rio_de_janeiro,0.08818,44091,derived_proportional_national_share
2028,conservador,high,rio_de_janeiro,0.11167,55834,derived_proportional_national_share
2029,conservador,high,rio_de_janeiro,0.1414,70703,derived_proportional_national_share
2030,conservador,high,rio_de_janeiro,0.17907,89533,derived_proportional_national_share
2031,conservador,high,rio_de_janeiro,0.20336,101677,derived_proportional_national_share
2032,conservador,high,rio_de_janeiro,0.23094,115469,derived_proportional_national_share
2033,conservador,high,rio_de_janeiro,0.26226,131131,derived_proportional_national_share
2034,conservador,high,rio_de_janeiro,0.29784,148918,derived_proportional_national_share
2035,conservador,high,rio_de_janeiro,0.33824,169118,derived_proportional_national_share
2026,conservador,low,rio_de_janeiro,0.02751,13753,derived_proportional_national_share
2027,conservador,low,rio_de_janeiro,0.03483,17416,derived_proportional_national_share
2028,conservador,low,rio_de_janeiro,0.04411,22054,derived_proportional_national_share
2029,conservador,low,rio_de_janeiro,0.05585,27928,derived_proportional_national_share
2030,conservador,low,rio_de_janeiro,0.07073,35366,derived_proportional_national_share
2031,conservador,low,rio_de_janeiro,0.08033,40163,derived_proportional_national_share
2032,conservador,low,rio_de_janeiro,0.09122,45610,derived_proportional_national_share
2033,conservador,low,rio_de_janeiro,0.10359,51797,derived_proportional_national_share
2034,conservador,low,rio_de_janeiro,0.11765,58823,derived_proportional_national_share
2035,conservador,low,rio_de_janeiro,0.1336,66802,derived_proportional_national_share
2026,intermediario,central,rio_de_janeiro,0.05656,28280,derived_proportional_national_share
2027,intermediario,central,rio_de_janeiro,0.07162,35811,derived_proportional_national_share
2028,intermediario,central,rio_de_janeiro,0.0907,45348,derived_proportional_national_share
2029,intermediario,central,rio_de_janeiro,0.11485,57425,derived_proportional_national_share
2030,intermediario,central,rio_de_janeiro,0.14544,72719,derived_proportional_national_share
2031,intermediario,central,rio_de_janeiro,0.16517,82583,derived_proportional_national_share
2032,intermediario,central,rio_de_janeiro,0.18757,93784,derived_proportional_national_share
2033,intermediario,central,rio_de_janeiro,0.21301,106505,derived_proportional_national_share
2034,intermediario,central,rio_de_janeiro,0.2419,120952,derived_proportional_national_share
2035,intermediario,central,rio_de_janeiro,0.27471,137358,derived_proportional_national_share
2026,intermediario,high,rio_de_janeiro,0.08999,44996,derived_proportional_national_share
2027,intermediario,high,rio_de_janeiro,0.11396,56979,derived_proportional_national_share
2028,intermediario,high,rio_de_janeiro,0.14431,72154,derived_proportional_national_share
2029,intermediario,high,rio_de_janeiro,0.18274,91370,derived_proportional_national_share
2030,intermediario,high,rio_de_janeiro,0.23141,115704,derived_proportional_national_share
2031,intermediario,high,rio_de_janeiro,0.2628,131398,derived_proportional_national_share
2032,intermediario,high,rio_de_janeiro,0.29844,149222,derived_proportional_national_share
2033,intermediario,high,rio_de_janeiro,0.33892,169462,derived_proportional_national_share
2034,intermediario,high,rio_de_janeiro,0.38489,192448,derived_proportional_national_share
2035,intermediario,high,rio_de_janeiro,0.4371,218552,derived_proportional_national_share
2026,intermediario,low,rio_de_janeiro,0.03555,17773,derived_proportional_national_share
2027,intermediario,low,rio_de_janeiro,0.04501,22507,derived_proportional_national_share
2028,intermediario,low,rio_de_janeiro,0.057,28501,derived_proportional_national_share
2029,intermediario,low,rio_de_janeiro,0.07218,36091,derived_proportional_national_share
2030,intermediario,low,rio_de_janeiro,0.09141,45703,derived_proportional_national_share
2031,intermediario,low,rio_de_janeiro,0.10381,51902,derived_proportional_national_share
2032,intermediario,low,rio_de_janeiro,0.11788,58942,derived_proportional_national_share
2033,intermediario,low,rio_de_janeiro,0.13387,66938,derived_proportional_national_share
2034,intermediario,low,rio_de_janeiro,0.15203,76017,derived_proportional_national_share
2035,intermediario,low,rio_de_janeiro,0.17265,86328,derived_proportional_national_share
