year,scenario,region,demand_light_ev_twh,implied_bev_phev_fleet_units,value_type
2026,acelerado,brasil,1.169,584521,derived_constant_ratio
2027,acelerado,brasil,1.4804,740191,derived_constant_ratio
2028,acelerado,brasil,1.8746,937319,derived_constant_ratio
2029,acelerado,brasil,2.3739,1186947,derived_constant_ratio
2030,acelerado,brasil,3.0061,1503055,derived_constant_ratio
2031,acelerado,brasil,3.4139,1706932,derived_constant_ratio
2032,acelerado,brasil,3.8769,1938463,derived_constant_ratio
2033,acelerado,brasil,4.4028,2201399,derived_constant_ratio
2034,acelerado,brasil,5.0,2500000,derived_constant_ratio
2035,acelerado,brasil,5.6782,2839104,derived_constant_ratio
2026,conservador,brasil,0.7,350000,observed_anchor
2027,conservador,brasil,0.8864,443212,interpolated_exponential
2028,conservador,brasil,1.1225,561249,interpolated_exponential
2029,conservador,brasil,1.4214,710721,interpolated_exponential
2030,conservador,brasil,1.8,900000,observed_anchor
2031,conservador,brasil,2.0442,1022077,interpolated_exponential
2032,conservador,brasil,2.3214,1160714,interpolated_exponential
2033,conservador,brasil,2.6363,1318155,interpolated_exponential
2034,conservador,brasil,2.9939,1496951,interpolated_exponential
2035,conservador,brasil,3.4,1700000,observed_anchor
2026,intermediario,brasil,0.9046,452308,derived_geometric_mean
2027,intermediario,brasil,1.1455,572767,derived_geometric_mean
2028,intermediario,brasil,1.4506,725306,derived_geometric_mean
2029,intermediario,brasil,1.8369,918470,derived_geometric_mean
2030,intermediario,brasil,2.3262,1163078,derived_geometric_mean
2031,intermediario,brasil,2.6417,1320839,derived_geometric_mean
2032,intermediario,brasil,3.0,1500000,derived_geometric_mean
2033,intermediario,brasil,3.4069,1703462,derived_geometric_mean
2034,intermediario,brasil,3.869,1934523,derived_geometric_mean
2035,intermediario,brasil,4.3938,2196924,derived_geometric_mean
