day_type,hour,avg_mw,median_mw,p05_mw,p95_mw
holiday,0,71671.51699999999,71671.51699999999,71671.51699999999,71671.51699999999
holiday,1,68234.329,68234.329,68234.329,68234.329
holiday,2,65616.4825,65616.4825,65616.4825,65616.4825
holiday,3,64072.713,64072.713,64072.713,64072.713
holiday,4,63131.56775,63131.56775,63131.56775,63131.56775
holiday,5,63052.795,63052.795,63052.795,63052.795
holiday,6,62976.0925,62976.0925,62976.0925,62976.0925
holiday,7,63037.24785,63037.24785,63037.24785,63037.24785
holiday,8,65393.7111,65393.7111,65393.7111,65393.7111
holiday,9,67505.57525,67505.57525,67505.57525,67505.57525
holiday,10,69383.356,69383.356,69383.356,69383.356
holiday,11,71668.8555,71668.8555,71668.8555,71668.8555
holiday,12,73634.75524999999,73634.75524999999,73634.75524999999,73634.75524999999
holiday,13,73938.369,73938.369,73938.369,73938.369
holiday,14,73425.345,73425.345,73425.345,73425.345
holiday,15,73486.5735,73486.5735,73486.5735,73486.5735
holiday,16,74207.9455,74207.9455,74207.9455,74207.9455
holiday,17,76681.7585,76681.7585,76681.7585,76681.7585
holiday,18,82495.535,82495.535,82495.535,82495.535
holiday,19,87258.24174999999,87258.24174999999,87258.24174999999,87258.24174999999
holiday,20,86056.269,86056.269,86056.269,86056.269
holiday,21,84255.39725,84255.39725,84255.39725,84255.39725
holiday,22,81211.85800000001,81211.85800000001,81211.85800000001,81211.85800000001
holiday,23,76894.35,76894.35,76894.35,76894.35
saturday,0,80081.93039705882,78639.27900000001,75272.5395,85675.7815
saturday,1,75579.22071875,74916.81450000001,72026.407,80098.4515
saturday,2,72311.7124375,71797.35449999999,68997.0505,76530.0585
saturday,3,70229.84671875,69740.79525,67005.24549999999,74355.4985
saturday,4,69163.3676375,68636.00175,66105.7525,73100.46225
saturday,5,69018.878471875,68505.730375,66129.33600000001,72586.12225
saturday,6,69257.387553125,68871.593925,66543.17610000001,72098.75450000001
saturday,7,70027.039990625,69850.836925,67224.111,72939.9355
saturday,8,72390.480428125,72741.188125,68941.954,75297.318
saturday,9,74637.680528125,75159.91287500001,70046.55365,78425.269
saturday,10,76505.887740625,76817.27900000001,70917.9955,81102.51849999999
saturday,11,78356.84042187501,78361.24725,72008.33350000001,83569.114
saturday,12,78840.14003125,78591.8,72374.06349999999,84645.65849999999
saturday,13,78402.013278125,77757.21575,71908.0785,84784.049
saturday,14,78142.557796875,76977.84275,71547.02100000001,84384.02975
saturday,15,78022.273328125,76664.55249999999,72260.5085,83402.3665
saturday,16,79133.47659375,77671.76775,74335.015,83841.876
saturday,17,82342.63603125,81432.71637499999,78950.342,85322.5045
saturday,18,88741.650140625,88396.5725,86369.106,90369.76449999999
saturday,19,90338.99693750001,90151.98237499999,86184.83350000001,93600.11
saturday,20,87060.78184375,86644.01299999999,81670.3065,90637.921
saturday,21,84416.619828125,83845.89775,78384.2005,88032.3725
saturday,22,81637.62525,80750.615125,78216.76775,85194.71075
saturday,23,78214.78275,77374.8235,74496.01999999999,82249.2685
sunday,0,74204.218234375,73409.4315,70686.2825,78442.902
sunday,1,70594.92559375,69827.31774999999,67114.067,74806.65625
sunday,2,67728.87653125,66983.54837500001,64509.313,71847.0185
sunday,3,65790.66525,65122.2525,62649.43475,69815.013
sunday,4,64564.99900625,63998.96799999999,61464.728,68347.0675
sunday,5,64018.717928125,63530.054,60985.0883,67606.876
sunday,6,63423.3385375,63180.587875,60647.694050000006,66911.20499999999
sunday,7,62454.160159375,62382.997,59987.271,65599.47224999999
sunday,8,62754.47349375,62629.94415,59375.4611,66717.864
sunday,9,64090.703975,63925.85575,59933.07835,68501.08265
sunday,10,66042.2477375,65618.52395,61723.99189999999,70551.372
sunday,11,68534.555253125,67781.598,64719.8724,73040.0165
sunday,12,70063.816946875,69038.35175,66349.29285,73543.9
sunday,13,69741.279559375,69024.3935,65832.14225,73951.02799999999
sunday,14,68946.324465625,68282.61499999999,65214.59420000001,73944.419
sunday,15,68900.138134375,68295.16325,64580.76134999999,73441.5665
sunday,16,71013.414503125,70555.51525,67734.5227,74613.6565
sunday,17,75356.48155625,74520.19675,72350.75385000001,78214.73925
sunday,18,82416.71413125,82834.057525,78384.52025,84625.16200000001
sunday,19,85277.0403875,85592.15275,80921.79800000001,88676.88399999999
sunday,20,84505.817578125,84029.06774999999,80410.416,87599.50099999999
sunday,21,82967.650046875,82144.92324999999,79658.5325,86565.221
sunday,22,80786.98389062501,79678.20662499999,77143.57250000001,84578.26675000001
sunday,23,77014.747578125,75905.49124999999,73231.126,81125.5545
weekday,0,77782.994,77794.84275000001,69952.9325,83219.5805
weekday,1,73583.84873214285,73325.46599999999,67455.421,78662.031
weekday,2,70752.8163547619,70422.20499999999,65311.5935,75417.1735
weekday,3,69139.71532857143,68803.071375,64046.945750000006,73518.7145
weekday,4,68648.00075416666,68296.11600000001,63836.05875,72810.08799999999
weekday,5,69864.86873392857,69601.932875,65188.2625,73791.716
weekday,6,73447.06905238095,73222.62977500001,68312.4628,77175.4315
weekday,7,76865.52479523809,76829.12865,72487.81915,80276.69750000001
weekday,8,81000.32921964287,81117.59372500001,76602.71900000001,85473.7785
weekday,9,83583.01649404762,83857.0485,78639.131,89454.8365
weekday,10,85557.10521845237,85906.4135,79842.18549999999,92459.346
weekday,11,87667.54404464285,87788.36374999999,81162.66524999999,95951.689
weekday,12,87011.91936607144,86881.98675000001,80264.89025,94769.61
weekday,13,86250.36455654762,86104.0005,79348.727,94222.814
weekday,14,88518.09099702381,88310.34700000001,81508.971,96325.0485
weekday,15,89322.77863988095,89149.796125,82867.324,96904.3155
weekday,16,90347.45142857142,89907.835,84968.6635,97086.491
weekday,17,90998.14702678572,90825.08325,87073.43849999999,95779.98300000001
weekday,18,93885.22811607143,94068.2935,91428.514,96731.5585
weekday,19,96180.38330654762,96281.59724999999,93346.7035,99462.264
weekday,20,94074.4335,94119.3945,90316.8055,97577.2795
weekday,21,92405.35338690477,92448.4975,87869.81425,96452.19649999999
weekday,22,89600.3407172619,89270.969,85410.11050000001,94040.60875
weekday,23,84724.65850892857,84170.905,80443.5395,89024.374
