source,dataset,resource_id,reference_period,check_name,passed,severity,details
ons,carga_verificada_rj,ons-RJ-2026-06-01-2026-06-30,2026-06,not_empty,true,error,1 linhas (mínimo esperado: 1)
ons,carga_verificada_rj,ons-RJ-2026-06-01-2026-06-30,2026-06,not_empty,true,error,1 linhas (mínimo esperado: 1)
ons,carga_verificada_rj,ons-RJ-2026-07-01-2026-07-31,2026-07,not_empty,true,error,1 linhas (mínimo esperado: 1)
ons,carga_verificada_rj,ons-RJ-2026-07-01-2026-07-31,2026-07,not_empty,true,error,1 linhas (mínimo esperado: 1)
ons,carga_verificada_rj,ons-RJ-2026-08-01-2026-08-31,2026-08,not_empty,true,error,1 linhas (mínimo esperado: 1)
ons,carga_verificada_rj,ons-RJ-2026-08-01-2026-08-31,2026-08,not_empty,true,error,1 linhas (mínimo esperado: 1)
ons,carga_verificada_rj,ons-RJ-2026-09-01-2026-09-25,2026-09,not_empty,true,error,1 linhas (mínimo esperado: 1)
ons,carga_verificada_rj,ons-RJ-2026-09-01-2026-09-25,2026-09,not_empty,true,error,1 linhas (mínimo esperado: 1)
aneel_ctr,consumidor_tipo,fae0d52c-5f02-4e84-a11b-d03db87e990d,,not_empty,true,error,1 linhas (mínimo esperado: 1)
aneel_ctr,consumidor_tipo,fae0d52c-5f02-4e84-a11b-d03db87e990d,,not_empty,true,error,1 linhas (mínimo esperado: 1)
aneel_ctr,redes_tipo,0fa851c4-3421-4cd1-ab9d-cddbce37d28a,,not_empty,true,error,1 linhas (mínimo esperado: 1)
aneel_ctr,redes_tipo,0fa851c4-3421-4cd1-ab9d-cddbce37d28a,,not_empty,true,error,1 linhas (mínimo esperado: 1)
samp,balanco,cffe3c15-9d3e-4187-ae63-e097cf88c0af,,not_empty,true,error,1 linhas (mínimo esperado: 1)
samp,balanco,cffe3c15-9d3e-4187-ae63-e097cf88c0af,,not_empty,true,error,1 linhas (mínimo esperado: 1)
epe,consumo_mensal,epe-73571fe50b4016b4,,not_empty,true,error,1 linhas (mínimo esperado: 1)
epe,consumo_mensal,epe-73571fe50b4016b4,,not_empty,true,error,1 linhas (mínimo esperado: 1)
ons,carga_verificada_s,ons-S-2026-06-01-2026-06-30,2026-06,not_empty,true,error,1 linhas (mínimo esperado: 1)
ons,carga_verificada_s,ons-S-2026-06-01-2026-06-30,2026-06,not_empty,true,error,1 linhas (mínimo esperado: 1)
ons,carga_verificada_s,ons-S-2026-07-01-2026-07-31,2026-07,not_empty,true,error,1 linhas (mínimo esperado: 1)
ons,carga_verificada_s,ons-S-2026-07-01-2026-07-31,2026-07,not_empty,true,error,1 linhas (mínimo esperado: 1)
ons,carga_verificada_s,ons-S-2026-08-01-2026-08-31,2026-08,not_empty,true,error,1 linhas (mínimo esperado: 1)
ons,carga_verificada_s,ons-S-2026-08-01-2026-08-31,2026-08,not_empty,true,error,1 linhas (mínimo esperado: 1)
ons,carga_verificada_s,ons-S-2026-09-01-2026-09-25,2026-09,not_empty,true,error,1 linhas (mínimo esperado: 1)
ons,carga_verificada_s,ons-S-2026-09-01-2026-09-25,2026-09,not_empty,true,error,1 linhas (mínimo esperado: 1)
ons,carga_verificada_ne,ons-NE-2026-06-01-2026-06-30,2026-06,not_empty,true,error,1 linhas (mínimo esperado: 1)
ons,carga_verificada_ne,ons-NE-2026-06-01-2026-06-30,2026-06,not_empty,true,error,1 linhas (mínimo esperado: 1)
ons,carga_verificada_ne,ons-NE-2026-07-01-2026-07-31,2026-07,not_empty,true,error,1 linhas (mínimo esperado: 1)
ons,carga_verificada_ne,ons-NE-2026-07-01-2026-07-31,2026-07,not_empty,true,error,1 linhas (mínimo esperado: 1)
ons,carga_verificada_ne,ons-NE-2026-08-01-2026-08-31,2026-08,not_empty,true,error,1 linhas (mínimo esperado: 1)
ons,carga_verificada_ne,ons-NE-2026-08-01-2026-08-31,2026-08,not_empty,true,error,1 linhas (mínimo esperado: 1)
ons,carga_verificada_ne,ons-NE-2026-09-01-2026-09-25,2026-09,not_empty,true,error,1 linhas (mínimo esperado: 1)
ons,carga_verificada_ne,ons-NE-2026-09-01-2026-09-25,2026-09,not_empty,true,error,1 linhas (mínimo esperado: 1)
ons,carga_verificada_n,ons-N-2026-06-01-2026-06-30,2026-06,not_empty,true,error,1 linhas (mínimo esperado: 1)
ons,carga_verificada_n,ons-N-2026-06-01-2026-06-30,2026-06,not_empty,true,error,1 linhas (mínimo esperado: 1)
ons,carga_verificada_n,ons-N-2026-07-01-2026-07-31,2026-07,not_empty,true,error,1 linhas (mínimo esperado: 1)
ons,carga_verificada_n,ons-N-2026-07-01-2026-07-31,2026-07,not_empty,true,error,1 linhas (mínimo esperado: 1)
ons,carga_verificada_n,ons-N-2026-08-01-2026-08-31,2026-08,not_empty,true,error,1 linhas (mínimo esperado: 1)
ons,carga_verificada_n,ons-N-2026-08-01-2026-08-31,2026-08,not_empty,true,error,1 linhas (mínimo esperado: 1)
ons,carga_verificada_n,ons-N-2026-09-01-2026-09-25,2026-09,not_empty,true,error,1 linhas (mínimo esperado: 1)
ons,carga_verificada_n,ons-N-2026-09-01-2026-09-25,2026-09,not_empty,true,error,1 linhas (mínimo esperado: 1)
ons,carga_verificada_seco,ons-SECO-2026-06-01-2026-06-30,2026-06,not_empty,true,error,1 linhas (mínimo esperado: 1)
ons,carga_verificada_seco,ons-SECO-2026-06-01-2026-06-30,2026-06,not_empty,true,error,1 linhas (mínimo esperado: 1)
ons,carga_verificada_seco,ons-SECO-2026-07-01-2026-07-31,2026-07,not_empty,true,error,1 linhas (mínimo esperado: 1)
ons,carga_verificada_seco,ons-SECO-2026-07-01-2026-07-31,2026-07,not_empty,true,error,1 linhas (mínimo esperado: 1)
ons,carga_verificada_seco,ons-SECO-2026-08-01-2026-08-31,2026-08,not_empty,true,error,1 linhas (mínimo esperado: 1)
ons,carga_verificada_seco,ons-SECO-2026-08-01-2026-08-31,2026-08,not_empty,true,error,1 linhas (mínimo esperado: 1)
ons,carga_verificada_seco,ons-SECO-2026-09-01-2026-09-25,2026-09,not_empty,true,error,1 linhas (mínimo esperado: 1)
ons,carga_verificada_seco,ons-SECO-2026-09-01-2026-09-25,2026-09,not_empty,true,error,1 linhas (mínimo esperado: 1)
