month,hour,avg_mw,median_mw,p05_mw,p95_mw
6,0,4818.5288783333335,4865.0436,4479.9325,5103.8369999999995
6,1,4599.182273333334,4600.515625,4290.2155,4879.5172
6,2,4453.040088333333,4456.8760999999995,4145.7154,4743.3091
6,3,4360.401068333334,4385.263525,4059.9432500000003,4651.77925
6,4,4311.308563333334,4335.4572,3958.906,4583.8929
6,5,4344.495883333333,4369.049675,3995.41455,4650.2645
6,6,4509.926101666667,4522.708825,4095.8808500000005,4823.14515
6,7,4602.8728200000005,4623.881675,4125.4369,4936.33
6,8,4777.330991666667,4789.591425,4350.9985,5105.0455
6,9,4903.666741666666,4931.778925,4432.132299999999,5276.90215
6,10,4995.527333333333,5037.294825,4551.41515,5378.5587
6,11,5093.297591666666,5137.847525,4651.97095,5427.53175
6,12,5194.756995,5213.51085,4710.99615,5596.74215
6,13,5159.174535,5103.162425,4705.4197,5562.92115
6,14,5154.060926666667,5123.264499999999,4594.324500000001,5544.33735
6,15,5139.013946666667,5128.2141,4571.12415,5543.594
6,16,5195.12591,5237.722900000001,4671.313,5586.3862
6,17,5334.112028333333,5342.9149,4905.51775,5622.721
6,18,5651.861941666666,5646.506125,5349.6372,5906.57715
6,19,5646.312778333333,5638.6547,5345.206249999999,5886.62255
6,20,5546.836416666667,5534.878425,5168.71725,5831.05445
6,21,5437.696491666667,5429.597075,5005.9604500000005,5763.760850000001
6,22,5295.9296699999995,5296.02455,4937.377,5637.8351999999995
6,23,5075.489131666666,5117.30225,4721.20045,5396.764999999999
7,0,4905.416917741935,4890.1607,4432.76,5458.9277
7,1,4679.305883870968,4667.4992999999995,4207.342049999999,5107.6137
7,2,4537.698911290323,4545.1865,4114.20845,4967.9475
7,3,4433.053103225806,4410.348400000001,4039.0424000000003,4858.81985
7,4,4394.191238709677,4359.52925,4001.3563999999997,4796.079
7,5,4413.193432258065,4410.631649999999,3978.58605,4827.61665
7,6,4559.361187096774,4529.2937,4181.36255,4926.490250000001
7,7,4637.2356838709675,4688.938749999999,4346.96825,4999.61225
7,8,4844.628764516129,4894.7345000000005,4471.2435000000005,5241.7398
7,9,4976.704162903226,5041.5577,4517.0177,5449.598
7,10,5074.351312903225,5159.95435,4580.8392,5568.7683
7,11,5160.19351451613,5188.82215,4620.9289499999995,5711.24
7,12,5212.577932258065,5232.400900000001,4715.3393,5781.560649999999
7,13,5191.92650483871,5170.297350000001,4743.037,5830.49235
7,14,5237.276677419354,5093.3835,4799.11595,5910.0125
7,15,5273.668593548387,5156.7628,4851.416950000001,6004.3613000000005
7,16,5336.905138709677,5243.60065,4891.0635,5882.9089
7,17,5366.473301612904,5332.147800000001,4984.354450000001,5961.83135
7,18,5661.509275806452,5680.91565,5320.56055,6234.689
7,19,5705.647795161291,5709.3928,5364.9460500000005,6251.21415
7,20,5620.127009677419,5586.8427,5276.873,6110.934499999999
7,21,5530.03364032258,5492.30005,5206.2351,6016.7015
7,22,5368.633562903226,5346.368,5006.274649999999,5871.51885
7,23,5155.648645161291,5136.1425,4746.037700000001,5772.5525
8,0,5720.687351612903,5565.720499999999,5196.301,6499.9353
8,1,5457.847090322581,5304.1062999999995,4928.98,6187.200000000001
8,2,5288.732433870968,5124.9167,4792.781,6000.63735
8,3,5176.720129032258,5006.22265,4709.3475,5853.9467
8,4,5108.596058064516,4988.44215,4688.43525,5758.974
8,5,5136.6627935483875,5087.353999999999,4752.0015,5809.478999999999
8,6,5286.838438709678,5306.91895,4807.0813,5915.97515
8,7,5391.718362903226,5386.3892,4753.3755,6003.0297
8,8,5607.653690322581,5581.039000000001,4913.1168,6194.467549999999
8,9,5796.597579032258,5806.6343,5080.4182,6523.7854
8,10,5935.662335483871,5967.48675,5171.82955,6714.134
8,11,6074.6844016129035,6136.8682499999995,5272.4575,6959.0557499999995
8,12,6151.78429032258,6172.0896,5266.1692,7008.783649999999
8,13,6145.553701612903,6079.19735,5438.3123,6896.84885
8,14,6188.287770967742,6136.3330000000005,5310.1807,6998.845450000001
8,15,6178.09859032258,6142.6338,5212.2858,7031.72755
8,16,6209.168662903226,6166.6499,5337.45,7090.52065
8,17,6233.745637096775,6167.67115,5483.4385,7106.0796
8,18,6507.358325806452,6414.380999999999,5829.0254,7258.03415
8,19,6606.887612903226,6558.509749999999,5901.16175,7309.2294999999995
8,20,6519.881616129032,6535.992,5834.3675,7224.2878
8,21,6433.227774193548,6456.46115,5771.4516,7143.95215
8,22,6266.267217741935,6278.397,5657.5879,7003.481449999999
8,23,6046.862114516129,6066.432150000001,5451.581,6799.0317
9,0,5500.786872000001,5444.9519,4836.18375,6273.1667
9,1,5239.4673060000005,5183.34545,4515.5581,6004.23715
9,2,5074.203924,5040.52385,4375.360000000001,5837.700650000001
9,3,4978.365234,4935.1217,4324.05565,5740.73665
9,4,4930.254024,4876.5962500000005,4345.291,5727.522999999999
9,5,4968.10833,4953.643,4420.3255,5720.59715
9,6,5104.423802,5009.5522,4605.837799999999,5782.6936000000005
9,7,5292.313472,5306.83665,4674.5405,5948.5085
9,8,5546.997346,5584.8812,4806.700199999999,6188.15675
9,9,5753.335435999999,5793.32315,5037.04065,6522.2412
9,10,5888.334568,5854.520200000001,5107.6692,6707.748799999999
9,11,6026.702166,5978.52025,5166.255,7037.7538
9,12,6093.165316,6080.6038,5282.6648000000005,6931.02245
9,13,6042.000196,6032.67215,5296.28035,6684.02065
9,14,6031.500784,6056.068499999999,5202.8009999999995,6840.4277999999995
9,15,6036.752726000001,5953.8717,5133.7721,6832.808
9,16,6030.704024000001,5929.652599999999,5080.89985,6792.207
9,17,6025.767546,5906.18365,5259.7968,6650.8575
9,18,6259.720756,6191.781499999999,5654.03345,6805.301600000001
9,19,6397.724547999999,6318.25165,5838.0818,6917.94845
9,20,6313.702456,6275.9647,5802.7883999999995,6878.344499999999
9,21,6207.944852,6153.6158,5685.5565,6824.638
9,22,6023.562908,5982.98755,5423.2402999999995,6674.77855
9,23,5762.760806,5734.1134999999995,5178.6155,6445.772
