hour,avg_mw,median_mw,p05_mw,p95_mw,normalized_load
0,5226.36555982906,5113.3402,4525.715099999999,6273.1667,0.967327633676251
1,4984.734128632478,4879.5172,4290.2155,6004.23715,0.9226050137436261
2,4829.621132051282,4754.9400000000005,4150.31135,5827.763650000001,0.8938957537009306
3,4727.984043589743,4645.898999999999,4079.3593499999997,5738.07035,0.8750841410898793
4,4676.769347863248,4583.8929,4039.7568,5682.639,0.8656050126478612
5,4705.838698717948,4633.3804,4042.4192000000003,5689.26375,0.8709853455107047
6,4855.902277777777,4801.8145,4251.6782,5782.6936000000005,0.8987600285425746
7,4968.304246581196,4883.3988,4351.8799,5873.54155,0.9195640709040352
8,5179.62067948718,5076.71705,4456.058349999999,6062.16735,0.9586758059443483
9,5341.160189316239,5194.925,4559.9785,6282.053250000001,0.9885745242791745
10,5456.278694871795,5269.16235,4634.6242999999995,6636.891100000001,1.0098813598414087
11,5570.49313931624,5384.6929,4703.5469,6800.9892500000005,1.0310208662558253
12,5645.017706410256,5508.74,4765.1363,6789.54905,1.0448143279478086
13,5617.838695299145,5515.829,4765.0453,6738.375,1.0397838707012184
14,5637.62260940171,5544.33735,4799.11595,6840.4277999999995,1.0434455982621038
15,5641.829224358975,5551.5712,4851.416950000001,6853.636,1.0442241842308455
16,5679.911673076924,5612.680899999999,4908.898649999999,6814.979,1.0512727162520414
17,5728.840483760684,5622.721,5020.19555,6750.722,1.0603287591398762
18,6010.972417094017,5903.8692,5390.6705,6945.522,1.1125474591775302
19,6077.103373504274,5934.7892,5398.561250000001,7018.56665,1.1247873801789945
20,5987.930951282052,5848.197899999999,5276.873,6922.9126,1.1082828040658335
21,5890.518118803419,5784.7805499999995,5206.2351,6866.4743,1.0902530425322108
22,5727.768264957265,5657.5879,5006.274649999999,6746.221,1.0601303063401206
23,5500.953227777777,5412.532,4746.60935,6552.12125,1.018149995034801
